Automação, Automação de processos, Automação de testes, Design de sistemas de controle, Engenharia,létrica, Garantia de qualidade, Robot Framework, Robótica, Solução de problemas técnicos, Tia Portal da Siemens
Análise de logs, Automação de testes, Banco de dados, Bancos de dados relacionais, Cenários de testes, Cucumber, Planejamento de testes, Práticas de testes, Testes funcionais, Testes ágeis
Ciência da computação, Comunicação, Estudos de casos, Garantia de qualidade, Planejamento de testes, Resolução de problemas, Teste de regressão
Comunicação, Dados de teste, Documentação, Engenharia de garantia da qualidade, Estudos de casos, Garantia de qualidade, Teste de dispositivos móveis, Teste de software, Testes de banco de dados, Testes manuais
Automação de QA, Data warehouse, ESL (Inglês como segunda língua), ETL (Extração, transformação, carregamento), Engenharia de garantia da qualidade, Ferramentas de automação de testes, Garantia de qualidade, Teste de dispositivos móveis, Teste de software, Testes de API
API REST, Desenvolvimento de software, DevOps, Garantia de qualidade, GitHub, Inglês, JMeter, PostgreSQL, SQL, Teste de unidade
Automação de QA, Automação de testes, Desenvolvimento de back-end, Estudos de casos, Garantia de qualidade, Planejamento de testes, Root Cause, Testes de API, Testes de banco de dados, Testes manuais
Automação de testes, Depuração, Ferramentas de automação de testes, Inglês, Interface gráfica de usuário, Java, JavaScript, Selenium, Solução de problemas técnicos, Testes manuais
Análise de causa raiz (RCA), Automação de QA, Automação de testes, Cypress, Garantia de qualidade, JIRA, Root Cause, Selenium, Testes de API, Testes manuais
Hardware-in-the-Loop, NI LabVIEW, NI TestStand, Telemática, Testes manuais
Automação de testes, Ciência da computação, Comunicação, Estudos de casos, Garantia de qualidade, Planejamento de testes, Resolução de problemas, Sistemas de software, Teste de desempenho, Testes de API
Análise de dados, Automação, Automação de processos, Automação industrial, Competências interpessoais, Controle de processos, Programação de interface homem-máquina, Sistema de identificação de materiais perigosos (HMIS), Técnicos,m campo, WinCC
Automação de testes, C#, Composição de textos dramatúrgicos, Cypress, Estudos de casos, Scripts de testes, Selenium, Teste de integração, Teste de sistemas, Teste de software
Arquitetura de sistema, Banco de dados, Comunicação, Desenvolvimento de software, Estudos de casos, Mapeamento objeto-relacional, Revisão de código, Testabilidade, Teste de software, User Requirements
Circuitos ASIC, Comunicação, Coordenação de,quipe, Coverage Analysis, Criação de scripts, Depuração, Power Estimation, Validação de sistemas computadorizados, Verificação funcional
Análise de causa raiz (RCA), Automação de QA, Automação de testes, Cypress, Garantia de qualidade, JIRA, Root Cause, Selenium, Testes de API, Testes manuais
Banco de dados, Encriptação, Engenharia, Gestão de incidentes, Gestão de licenças, Gestão de vulnerabilidade, Hardware Infrastructure, Inglês, Relatórios de indicadores-chave de desempenho (KPI), Solução de problemas técnicos
Amazon Web Services, DevOps, Docker, Git, Integração,,ntrega contínuas (CI/CD), Java, Jenkins, Kubernetes, Linux, Sonarqube
Garantia de qualidade, Hacking ético, Inglês, Kali Linux, Linux, Planejamento de testes, Realização de testes, Segurança de aplicativos web, Segurança de aplicações, Segurança de rede
Administração Unix, Administração de sistemas Linux, Automação de testes, DevOps, Ferramentas de automação de testes, Infraestrutura como código (IaC), Inglês, Integração,,ntrega contínuas (CI/CD), Linux, Resolução de problemas
Ciência da computação, Ciência de dados, Ciências atmosféricas, Comunicação, Controle de versão, ETL (Extração, transformação, carregamento), Engenharia de dados, Qualidade dos dados, Resolução de problemas, Transferência de dados
Aplicativos web, Automação, Desenvolvimento de software, Ferramentas de teste, Garantia de qualidade, Google Cloud Platform (GCP), Java, Padrões de codificação, Revisão de código, Teste de software
Amazon Web Services, C#, JSON, Linguagens de programação, PL/SQL, SQL, Shell script, UML (Linguagem de modelagem unificada), Visual Basic, XML
Capacidade de organização, Comunicação,scrita, Experiência profissional, Gestão de reclamações, Proficiência,m informática, Resolução de problemas
Bluetooth, Documentação técnica, Firmware, Processamento de sinal digital, Programação (computação), Programação orientada a objetos (POO), Receptor/transmissor assíncrono universal, Sistema operacional de tempo-real, Sistemas incorporados, Software incorporado
Ansible, Criação de scripts, DevOps, DevSecOps, Docker, Engenharia, Integração contínua, Kubernetes, Terraform, Windows Azure
CICS, COBOL, COBOL II, Filas, Fileaid, IMSDB, Mainframe, Processamento,m lote, Serena Changeman, VSAM
Ciência da computação, Controle de voo, Coverage Analysis, DO-254, Linguagem VHDL, Rastreabilidade, Requisitos de software, Simulink, Softwares de controle, Verilog
Automação de testes, Comunicação, Depuração, Engenharia de teste, Feedback construtivo, Pensamento crítico, Planejamento de testes, Teste de dispositivos móveis, Teste de software, Testes de segurança
Automação de testes, Comunicação, Depuração, Engenharia de teste, Feedback construtivo, Pensamento crítico, Planejamento de testes, Teste de dispositivos móveis, Teste de software, Testes de segurança
Arquitetura técnica, CSS, Comunicação, Desenvolvimento de software, Documentação, Estruturas de dados, Padrões de design, Programação orientada a objetos (POO), Regulamento geral sobre a proteção de dados (RGPD), TypeScript
Arquitetura técnica, CSS, Comunicação, Desenvolvimento de software, Documentação, Estruturas de dados, Padrões de design, Programação orientada a objetos (POO), Regulamento geral sobre a proteção de dados (RGPD), TypeScript
Desenvolvimento aplicativos para desktop, Desenvolvimento de sistemas, Desenvolvimento de software, Estudos de casos, Iniciação, Lógica de negócios, Requisitos de negócio, Resolução de problemas, Tech-Savvy, Teste de software
AKS (Serviço de Kubernetes do Azure), Ansible, Desenvolvimento de software, DevOps, Docker, Fornecimento contínuo, Implantação de software, Integração contínua, Terraform, Windows Azure
BRF, Contabilidade,statuária, Controle de processos, Experiência da implementação, Implementação SAP, Processos,mpresariais, SAP ERP, SAP GRC Access Control, Screen Design, Situações de pressão
Apresentações, Comunicação, Contas a receber, Habilidades analíticas, Inglês, Produtos SAP, Resolução de problemas, SAP FICO, SAP IS-U, Solução de problemas técnicos
Ciência da computação, Desenvolvimento de software, Equipes de projeto, Gestão de produtos, Hardware,letrônico, Planejamento de testes, Programação (computação), Resolução de problemas, Resolving Issues, Revisões de design
Administração de folha de pagamento, Automação de testes, Cenários de testes, Estrutura de automação de testes, Estudos de casos, Garantia de qualidade, Padrões de codificação, Sprints, Testes de produto, Timelines
Avaliação de vulnerabilidades, Comunicação, Comunicação oral, Controles de segurança, Engenharia de segurança de sistemas, Gestão de vulnerabilidade, Modelagem de ameaças, Segurança da informação, Segurança de aplicações, Vulnerability
Ajuste de desempenho, Ciência da computação, Engenharia de desempenho, Gestão de desempenho de aplicativo, Métricas de desempenho, Otimização, Planejamento de capacidades, System Performance, Teste de desempenho, Testes de carga
Ciência da computação, Depuração, Engenharia de Computação, Integração de software, Kernel Linux, Rastreamento de defeitos, Requisitos de sistemas, Requisitos de software, Revisão de código, Sistema operacional de tempo-real
Auditoria da qualidade, Automação de testes, Ferramentas de teste, Garantia de qualidade, Planejamento de testes, Qualidade do produto, Scripts de testes, Skill Development, Teste de usabilidade, Trabalho,m,quipe
Comunicação, Desenvolvimento de aplicativos, Design de frameworks, Inglês, LoadRunner, Microsoft Visual Studio, Skill Development, Splunk, Teste de desempenho, Windows Azure
C#, JavaScript, Microsoft SQL Server, NoSQL, Plug-ins, Python, SRE (Engenharia de confiabilidade do site)
Arquitetura SAP, Contabilidade,statuária, Experiência da implementação, FI-CA, Functionality, Gravação de vídeos, Implementação SAP, Relacionamento com clientes, Resolução de problemas, Situações de alta pressão
Arquitetura de integração, Ciência da computação, Desenvolvimento de software, Engenharia do conhecimento, Especialistas no assunto, Integração de dados, Pesquisa aplicada, Relatórios científicos, Representação de conhecimento, raciocínio, Scientific Papers
Aplicativos web, Ciclo de vida de sistemas de informação, Desenvolvimento aplicativos da web, Desenvolvimento de aplicativos, Design de,xperiência do usuário (UX), Experiência do usuário (UX), JavaScript, Metodologias Agile, OutSystems, SQL
Benefícios de funcionários, Corte,m cubos, Desenvolvimento profissional, Engenharia, GitHub, Java, Jenkins, Liderança, Promoção da inclusão, Python
Avaliação de vulnerabilidades, Controles de segurança, Design de arquitetura de segurança, Segurança, Segurança de aplicações, Segurança de nuvem, Segurança,m infraestrutura, Small and Medium-Sized Enterprises (SME), Source Intelligence, Teste de penetração
Automação de QA, Automação de testes, Documentação, Garantia de qualidade, Inglês, JIRA, Planejamento de testes, Teste de regressão, Teste de software, Testes de API
Análise de sistemas, Banco de dados, Ciência da computação, Colaboração,m várias funções, Comunicação, Configuração de sistema, Documentação, Habilidades analíticas, Inglês, Windows Azure
AWS Lambda, Amazon Redshift, Amazon Web Services, Apache Spark, Data warehouse, Esquema,strela, JIRA, PostgreSQL, SQL, Snowflake Cloud
Automação de QA, Automação de testes, Documentação, Garantia de qualidade, Inglês, JIRA, Planejamento de testes, Teste de regressão, Teste de software, Testes de API
Análise de dados, Banco de dados Oracle, Habilidades analíticas, Inglês, Java, Neo4j, Python, SQL, Snowflake, Snowflake Cloud
Análise de malware, Apresentações, Apresentações de vendas, Ciência da computação, Demonstração de produtos, Habilidades de apresentação, Linux, Pré-vendas, Resposta a incidentes, Unix
Automação de testes, CAPA, Cobertura, Controle de qualidade, Estudos de casos, Garantia de qualidade, Garantia de qualidade de software, Indicadores-chave de desempenho, Selenium, Sistema de qualidade
Automação de QA, Automação de testes, Documentação, Garantia de qualidade, Inglês, JIRA, Planejamento de testes, Teste de regressão, Teste de software, Testes de API
C++, Ciência da computação, Conceitos de programação, Controle de versão, Fornecimento contínuo, GitLab, Inglês, Linguagens de programação, Python, Revisão de código
ABAP, Arquitetura SAP, Contabilidade,statuária, GRC, Implementação SAP, Processos,mpresariais, Produtos SAP, SAP ERP, Situações de pressão, Solução de problemas técnicos
Application Managed Services, Banco de dados Oracle, Functionality, Global Implementations, Objetos personalizados, Oracle Financials, Processos,mpresariais, Relacionamento com clientes, Situações de pressão,,Business Suite
Banco de dados, Computação,m nuvem, Configuração de rede, Criação de scripts, Estratégias de otimização, Gerenciamento de certificados, OAuth, Projeto orientado por domínio, SRE (Engenharia de confiabilidade do site), gRPC
Arquitetura SAP, Ciência da computação, Finanças, Gestão de riscos, Inglês, Produtos SAP, Relacionamento com clientes, Resolução de problemas, SAP FI, SAP FICO
ITIL, JSP (JavaServer Pages), Java, Metodologias Agile, Produtos SAP, SAP ERP, SAP FICO, SAP Netweaver, SAP Portal, SAPUI5
Circuitos ASIC, Cobertura de testes, DFT, Engenharia de teste, Estudos de casos, Gerador de padrões de teste automático, Sequenciamento, Teste de sistemas, Teste de software, Testes funcionais
ABAP, Contabilidade,statuária, Experiência da implementação, ISU, Language Skills, Português, Processos,mpresariais, SAP ERP, SAP FICO, Statutory
AJAX, ASP.NET, ASP.NET MVC, Analyzer, Banco de dados, HTML, Java, Mainframe, Microfocus, SQL
Azure Data Factory, Engenharia de dados, Microsoft Power BI, SQL
Apache Spark, Bancos de dados relacionais, Big data, Bitbucket, Ciência de dados, Engenharia de dados, PaaS (Plataforma como serviço), Processamento de dados, Qualidade dos dados, Shell script
Amazon Simple Notification Service (SNS), Benefícios de funcionários, Cursos, Data warehouse, Desenvolvimento profissional, Inglês, Modelagem dimensional, Promoção da inclusão, Snowflake, Trabalho,m,quipe
Análise de dados, Banco de dados Oracle, Habilidades analíticas, Inglês, Java, Neo4j, Python, SQL, Snowflake, Snowflake Cloud
Análise de desempenho, Computação,m nuvem, Habilidades analíticas, Infraestrutura como código (IaC), Insights de negócios, PaaS (Plataforma como serviço), Product Security, Protocolo de controle de transmissão (TCP), Segurança de produtos, Serviços web
ABAP, Chamada de função remota, FTP, JDBC, Português, Processos,mpresariais, SAP FICO, SAP HANA, SOAP, Secure File Transfer Protocol
Automação robótica de processos (RPA), Ciência da computação, Comunicação, Desenvolvimento de API, Documentação técnica, Doutrina, Garantia de qualidade, MongoDB, Requisitos técnicos, Sistemas de telecomunicações
Analítica de dados, Angular (Framework), Ciência de dados, Cocriação, D3.js, Imuno-histoquímica, Interpretação de dados, Mineração de dados, TypeScript, Visualização de dados
Automação de QA, Automação de testes, Documentação, Garantia de qualidade, Inglês, JIRA, Planejamento de testes, Teste de regressão, Teste de software, Testes de API
AngularJS, Desenvolvimento aplicativos da web, Desenvolvimento de front-end, Java, JavaScript, MongoDB, MySQL, NestJS, NoSQL, Teste de integração
Analítica de dados, Angular (Framework), Ciência de dados, Cocriação, D3.js, Imuno-histoquímica, Interpretação de dados, Mineração de dados, TypeScript, Visualização de dados
Adobe Acrobat, Articulação (TI), Comunicação, Gestão de relacionamento com o cliente (CRM), Inglês, Microsoft Excel, Microsoft Office, Microsoft PowerPoint, Relacionamento com clientes, Vendas
ABAP, Administração de folha de pagamento, Contabilidade,statuária, Desenvolvimento de software, Documentos de design, IT Documentation, Metodologias de implementação, SAP Script, Technical Specs, cSAPScript
Ciência da computação, Componentes web do Lightning, Ferramentas de desenvolvimento, Gatilhos de banco de dados, Objetos personalizados, Páginas do Visualforce, SOAP, Sales Cloud da Salesforce, Visual Force, Visual Studio Code
AWS Lambda, Automação de testes, CI, Ciência da computação, Comunicação, Desenvolvimento de software, DevOps, Gestão de configuração, Kubernetes, Terraform
Análise de tendências, Banco de dados, Cassandra, ETL (Extração, transformação, carregamento), Engenharia de dados, JavaScript, NoSQL, Planejamento de capacidades, Requisitos de negócio, SQL
Desenvolvimento de software, Engenharia,létrica
Contabilidade,statuária, Functionality, Implementação SAP, Produtos SAP, Relacionamento com clientes, SAP BW, SAP ERP, SAP IS, SAP IS-U, SAP Netweaver
AppDynamics, Automação de testes, DevOps, JMeter, LoadRunner, Splunk, Teste de desempenho, Windows Azure
Administração de sistemas Linux, AppDynamics, Automação de testes, Ciência da computação, Comunicação, Desenvolvimento de software, DevOps, Inglês, Kubernetes, Monitoramento de aplicativos
Engenharia de hardware, ISO 17025, ISO 9001, Planejamento de testes
Arquitetura técnica, Banco de dados, Comunicação, Desenvolvimento de back-end, Desenvolvimento de software, Functionality, Inglês, Programação (computação), Redação, SDLC (Ciclo de vida do desenvolvimento de software)
Amazon Web Services, Ciência da computação, Comunicação, Confiabilidade, Resolução de problemas, Resposta a incidentes, Root Cause, SRE (Engenharia de confiabilidade do site), Solução de problemas técnicos, Terraform
Administração de sistemas Linux, AppDynamics, Automação de testes, Ciência da computação, Comunicação, Desenvolvimento de software, DevOps, Inglês, Kubernetes, Monitoramento de aplicativos
Amazon Web Services, Core Banking, Desenvolvimento de software, Design thinking, Dynatrace, Kanban, Metodologias Agile, Programação (computação), Scrum, Sistemas operacionais
Administração de sistemas Linux, AppDynamics, Automação de testes, Ciência da computação, Comunicação, Desenvolvimento de software, DevOps, Inglês, Kubernetes, Monitoramento de aplicativos
Anypoint Platform da MuleSoft, Análise de sistemas, Banco de dados, Ciência da computação, Comunicação, Comunicação interpessoal, ETL (Extração, transformação, carregamento), Programação de linguagem de consulta, Requisitos de negócio, User Requirements
Amazon Web Services, Python
Banco de dados, Big data, Datasets, Gerenciamento de fluxo de trabalho, Mineração de dados, NoSQL, Otimização, Pipeline de dados, Requisitos de negócio, Scala
Automação de testes, Desenvolvimento de software, Garantia de qualidade, Inglês, Java, Pensamento crítico, Planejamento de testes, Selenium, Teste de regressão, Testes de API
Automação de testes, Desenvolvimento de software, Garantia de qualidade, Inglês, Java, Pensamento crítico, Planejamento de testes, Selenium, Teste de regressão, Testes de API
Aplicativos web, Automação de testes, Ciência da computação, Desenvolvimento de back-end, Desenvolvimento de software, Engenharia de Computação, JavaScript, Linux, Next.js, TypeScript
Aplicativos web, Automação de testes, Ciência da computação, Desenvolvimento de back-end, Desenvolvimento de software, Engenharia de Computação, JavaScript, Linux, Next.js, TypeScript
Aplicações SAP, Arquitetura SAP, Contabilidade,statuária, MM modules, Processos,mpresariais, Produtos SAP, SAP ERP, Situações de pressão, WM modules, Warehouse Management SAP
Administração de sistemas Linux, AppDynamics, Automação de testes, Ciência da computação, Comunicação, Desenvolvimento de software, DevOps, Inglês, Kubernetes, Monitoramento de aplicativos
Capacidade de organização, Comunicação,scrita, Depuração, Editor de texto, Editoriais, Edição, Edição, publicação, Marketing de conteúdo, Marketing digital, Redação
Automação de testes, Desenvolvimento de software, Garantia de qualidade, Inglês, Java, Pensamento crítico, Planejamento de testes, Selenium, Teste de regressão, Testes de API
Automação de testes, Desenvolvimento de software, Garantia de qualidade, Inglês, Java, Pensamento crítico, Planejamento de testes, Selenium, Teste de regressão, Testes de API
Aprendizado de máquina, Aprendizado de máquina aplicado, Ciência da computação, Ciência de dados, Comunicação, Inteligência artificial, Java, Large Enterprise, Python, Scala
Automação de testes, Desenvolvimento de software, Garantia de qualidade, Inglês, Java, Pensamento crítico, Planejamento de testes, Selenium, Teste de regressão, Testes de API
ARIA, Acessibilidade digital, Adaptive Design, CSS, Desenvolvimento de front-end, HTML, Inglês, JavaScript, Princípios de design, WCAG
Administração de sistemas, Análise de cluster, Canal de fibra, Criação de scripts, Implementação de software, Instrumentação de gerenciamento do Windows (WMI), Modelo OSI, Windows Presentation Foundation (WPF), XSL, iSCSI
Armazenamento,m rede (NAS), Block Element Modifier (BEM), Bone, Desenvolvimento de back-end, Exterior, Forte, Interface de programação de aplicativos (API), Ruby
Automação de testes, Desenvolvimento de software, Garantia de qualidade, Inglês, Java, Pensamento crítico, Planejamento de testes, Selenium, Teste de regressão, Testes de API
Automação de testes, Desenvolvimento de software, Garantia de qualidade, Inglês, Java, Pensamento crítico, Planejamento de testes, Selenium, Teste de regressão, Testes de API
Automação de testes, Desenvolvimento de software, Garantia de qualidade, Inglês, Java, Pensamento crítico, Planejamento de testes, Selenium, Teste de regressão, Testes de API
CI, Computação,m nuvem, Comunicação, Confiabilidade, Desenvolvimento de produtos, Engenharia,létrica, Integração,,ntrega contínuas (CI/CD), SOA (Arquitetura voltada para serviços), Solução de problemas técnicos
Desenvolvimento de front-end, Doutrina, Drupal, Katalon Studio, MySQL, PHP, PHPUnit, Teste de sistemas, Theming, Web Design Responsivo
Bash, Container Orchestration, Infraestrutura como código (IaC), Integração,,ntrega contínuas (CI/CD), Monitoramento de aplicativos, Python, SRE (Engenharia de confiabilidade do site)
Desenvolvimento de back-end, Desenvolvimento de sistemas, Desenvolvimento orientado ao comportamento, Java, Lógica de negócios, Microsserviços, Network Provisioning, Projeto orientado por domínio, Spring Boot, Spring Framework
Automação de testes, Desenvolvimento de software, Garantia de qualidade, Inglês, Java, Pensamento crítico, Planejamento de testes, Selenium, Teste de regressão, Testes de API
Automação de processos, Automação robótica de processos (RPA), Controle de mudanças, Documentação, Jitterbit, Procedimentos de teste, Processos,mpresariais, Reconhecimento óptico de caracteres, Resolução de problemas, VBA (Visual Basic for Applications)
Bitbucket, CSS, Core Java, Hibernate, IBM Db2, Java, JavaScript, Jenkins, Spring Boot, Spring Data
Análise de sistemas, Banco de dados, Comunicação, Documentação, Habilidades analíticas, Inglês, JIRA, Moderating, Normas ISO, Windows Azure
ABAP, Análise de causa raiz (RCA), Ativos fixos, Entendimento técnico, Especificações de design, FI-AA, Gestão ágil de projetos, Requisitos de negócio, Root Cause,,CATT
Ciência da computação, Comunicação, Desenvolvimento de back-end, Desenvolvimento de software, Especialistas no assunto, Java, Metodologias de desenvolvimento de software, Metodologias ágeis no desenvolvimento de software, SQL, Servidor Windows
Banco de dados, HP QTP, Habilidades analíticas, Solução de problemas técnicos, Suporte técnico, Trabalho,m,quipe
Confiabilidade, Depuração, Design de sistemas, Detecção de falhas, Experiência,m codificação, Java, Níveis de serviço, Python, Root Cause, System Performance
C++, Desenvolvimento Linux, Embedded Linux, Inglês, Linguagens de programação, Linux, Multithreading, Receptor/transmissor assíncrono universal, Teste de unidade, UML (Linguagem de modelagem unificada)
Confiabilidade, Depuração, Design de sistemas, Detecção de falhas, Experiência,m codificação, Java, Níveis de serviço, Python, Root Cause, System Performance
Criação de template, DNS (Sistema de nomes de domínio), Engenharia de sistemas, Levantamento de requisitos, Modelagem, Modelagem dimensional, Modelos de dados, Otimização, PySpark, Solução de problemas técnicos
ABAP, Administração de folha de pagamento, Contabilidade,statuária, Desenvolvimento de software, Documentos de design, IT Documentation, Metodologias de implementação, SAP Script, Technical Specs, cSAPScript
Confiabilidade, Depuração, Design de sistemas, Detecção de falhas, Experiência,m codificação, Java, Níveis de serviço, Python, Root Cause, System Performance
Confiabilidade, Depuração, Design de sistemas, Detecção de falhas, Experiência,m codificação, Java, Níveis de serviço, Python, Root Cause, System Performance
AJAX, ASP.NET, ASP.NET MVC, Analyzer, Banco de dados, HTML, Java, Mainframe, Microfocus, SQL
Análise de causa raiz (RCA), Client Requirements, Customer Satisfaction (CSAT), Desenvolvimento de software, Fluxogramas, Habilidades analíticas, Lists, Requisitos de software, Root Cause, Validação de software
Ciência da computação, Computação,m nuvem, Comunicação, Confiabilidade, Datadog, Engenharia de confiabilidade, Google Cloud Platform (GCP), Infraestrutura como código (IaC), SRE (Engenharia de confiabilidade do site), Terraform
CICS, COBOL, COBOL II, Filas, Fileaid, IMSDB, Mainframe, Mainframe IBM, Processamento,m lote, Serena Changeman
AWS CloudFormation, Amazon EC2, Amazon RDS, Amazon Web Services, Dimensionamento automático, Infraestrutura como código (IaC), Infraestrutura de nuvem, Inglês, Kubernetes, Terraform
AWS CloudFormation, Amazon EC2, Amazon RDS, Amazon Web Services, Dimensionamento automático, Infraestrutura como código (IaC), Infraestrutura de nuvem, Inglês, Kubernetes, Terraform
Azure Data Lake, Consultoria, Engenharia, Finanças, Inglês, Produtos SAP, SQL, ServiceNow, Trabalho,m,quipe, Windows Azure
Conteinerização, Depuração, Desenvolvimento de back-end, Doutrina, Java, Microsserviços, PHP, Redis, Resolução de problemas, Revisão de código
Arquitetura de software, Capacidade de organização, Desenvolvimento de software, Programação (computação)
Amazon Simple Notification Service (SNS), Aplicativos web, Desenvolvimento de back-end, Desenvolvimento de software, Interface de programação de aplicativos (API), Memcached, Padrões web, RabbitMQ, Redis, Soluções de alta disponibilidade
Conteinerização, Depuração, Desenvolvimento de back-end, Doutrina, Java, Microsserviços, PHP, Redis, Resolução de problemas, Revisão de código
Apache Struts, Arquitetura de computadores, Computação de alto desempenho, Comunicação, Desenvolvimento de back-end, Desenvolvimento de software, Inglês, JSP (JavaServer Pages), Java, Make Things Happen
Analítica, Banco de dados, Ciência da computação, Comunicação, Desenvolvimento de back-end, Desenvolvimento de software, Habilidades analíticas, Inglês, Qualidade de software, Sistemas distribuídos
AJAX, ASP.NET, ASP.NET MVC, Analyzer, Banco de dados, HTML, Java, Mainframe, Microfocus, SQL
Aquisição de dados, Banco de dados, Coleta de informações, Comunicação, Data warehouse, ETL (Extração, transformação, carregamento), Engenharia de dados, Implantação de software, Requisitos técnicos, Snowflake
Administração de sistemas, Administração de sistemas Linux, DNS (Sistema de nomes de domínio), DevOps, Gestão de configuração, Modelo OSI, Puppet (Software), SRE (Engenharia de confiabilidade do site), SaltStack, Windows Azure
Ambientes de desenvolvimento integrado, JavaScript, Lightning, Método criativo de solução de problemas, Regras de validação, Relatório, Resolução de problemas, SOAP, Salesforce.com, Trabalho,m,quipe
Conteinerização, Depuração, Desenvolvimento de back-end, Doutrina, Java, Microsserviços, PHP, Redis, Resolução de problemas, Revisão de código
Camada de rede, Ciência da computação, DevOps, Gestão de configuração de software, Google Cloud Platform (GCP), HashiCorp, Layer 2, PostgreSQL, SQL, Windows Azure
Conteinerização, Depuração, Desenvolvimento de back-end, Doutrina, Java, Microsserviços, PHP, Redis, Resolução de problemas, Revisão de código
Conteinerização, Depuração, Desenvolvimento de back-end, Doutrina, Java, Microsserviços, PHP, Redis, Resolução de problemas, Revisão de código
Aquisição de dados, Banco de dados, Coleta de informações, Comunicação, Data warehouse, ETL (Extração, transformação, carregamento), Engenharia de dados, Implantação de software, Requisitos técnicos, Snowflake
Automação de testes, Ciência da computação, Comunicação, Desenvolvimento de software, DevOps, Docker, Engenharia de dados, Kubernetes, Python, Terraform
Conteinerização, Depuração, Desenvolvimento de back-end, Doutrina, Java, Microsserviços, PHP, Redis, Resolução de problemas, Revisão de código
Conteinerização, Depuração, Desenvolvimento de back-end, Doutrina, Java, Microsserviços, PHP, Redis, Resolução de problemas, Revisão de código
Conteinerização, Depuração, Desenvolvimento de back-end, Doutrina, Java, Microsserviços, PHP, Redis, Resolução de problemas, Revisão de código
Conteinerização, Depuração, Desenvolvimento de back-end, Doutrina, Java, Microsserviços, PHP, Redis, Resolução de problemas, Revisão de código
Conteinerização, Depuração, Desenvolvimento de back-end, Doutrina, Java, Microsserviços, PHP, Redis, Resolução de problemas, Revisão de código
Angular (Framework), CSS, Desenvolvimento de front-end, Design de interface do usuário, HTML, Inglês
Conteinerização, Depuração, Desenvolvimento de back-end, Doutrina, Java, Microsserviços, PHP, Redis, Resolução de problemas, Revisão de código
Ambientes de desenvolvimento integrado, Banco de dados, C#, Computação,m nuvem, Metodologias Agile, Metodologias ágeis,,m cascata, Método criativo de solução de problemas, Resolução de problemas, Salesforce.com, Trabalho,m,quipe
Amazon Web Services, Apache Kafka, Computação,m nuvem, Comunicação, Container Orchestration, Google Cloud Platform (GCP), Java, Nuvem híbrida, Resolving Issues, Windows Azure
AWS CloudFormation, Amazon EC2, Amazon RDS, Amazon Web Services, Dimensionamento automático, Infraestrutura como código (IaC), Infraestrutura de nuvem, Inglês, Kubernetes, Terraform
Conteinerização, Depuração, Desenvolvimento de back-end, Doutrina, Java, Microsserviços, PHP, Redis, Resolução de problemas, Revisão de código
Conteinerização, Depuração, Desenvolvimento de back-end, Doutrina, Java, Microsserviços, PHP, Redis, Resolução de problemas, Revisão de código
Conteinerização, Depuração, Desenvolvimento de back-end, Doutrina, Java, Microsserviços, PHP, Redis, Resolução de problemas, Revisão de código
Conteinerização, Depuração, Desenvolvimento de back-end, Doutrina, Java, Microsserviços, PHP, Redis, Resolução de problemas, Revisão de código
Conteinerização, Depuração, Desenvolvimento de back-end, Doutrina, Java, Microsserviços, PHP, Redis, Resolução de problemas, Revisão de código
Conteinerização, Depuração, Desenvolvimento de back-end, Doutrina, Java, Microsserviços, PHP, Redis, Resolução de problemas, Revisão de código
Confiabilidade, Depuração, Design de sistemas, Detecção de falhas, Experiência,m codificação, Java, Níveis de serviço, Python, Root Cause, System Performance
Conteinerização, Depuração, Desenvolvimento de back-end, Doutrina, Java, Microsserviços, PHP, Redis, Resolução de problemas, Revisão de código
.NET Framework, Container Orchestration, Desenvolvimento de front-end, Desenvolvimento de software, Git, HTTP (Hypertext Transfer Protocol), Programação (computação), Programação orientada a objetos (POO), SQL, Sistemas operacionais
Big data, Ciência de dados, Engenharia de dados, Estatística, OTA, Processamento de linguagem natural (PLN), PySpark, Reconhecimento de padrões, Sistema de recomendação, Visão computacional
Administração de sistemas Linux, Arquitetura, Automação de infraestrutura, Container Orchestration, Design de templates, DevOps, Inglês, Templates, Visão de longo prazo, Windows Azure
Conteinerização, Depuração, Desenvolvimento de back-end, Doutrina, Java, Microsserviços, PHP, Redis, Resolução de problemas, Revisão de código
Conteinerização, Depuração, Desenvolvimento de back-end, Doutrina, Java, Microsserviços, PHP, Redis, Resolução de problemas, Revisão de código
Conteinerização, Depuração, Desenvolvimento de back-end, Doutrina, Java, Microsserviços, PHP, Redis, Resolução de problemas, Revisão de código
Administração de sistemas, Administração de sistemas Linux, DNS (Sistema de nomes de domínio), DevOps, Gestão de configuração, Modelo OSI, Puppet (Software), SRE (Engenharia de confiabilidade do site), SaltStack, Windows Azure
Conteinerização, Depuração, Desenvolvimento de back-end, Doutrina, Java, Microsserviços, PHP, Redis, Resolução de problemas, Revisão de código
Apache Spark, Big data, Ciência de dados, Engenharia de dados, Processamento de linguagem natural (PLN), PySpark, Reconhecimento de padrões, Scala, Sistema de recomendação, Visão computacional
Automação de testes, Ciência da computação, Comunicação, Desenvolvimento de software, DevOps, Docker, Engenharia de dados, Kubernetes, Python, Terraform
Conteinerização, Depuração, Desenvolvimento de back-end, Doutrina, Java, Microsserviços, PHP, Redis, Resolução de problemas, Revisão de código
Automação de testes, Ciência da computação, Comunicação, Desenvolvimento de software, DevOps, Docker, Engenharia de dados, Kubernetes, Python, Terraform
Conteinerização, Depuração, Desenvolvimento de back-end, Doutrina, Java, Microsserviços, PHP, Redis, Resolução de problemas, Revisão de código
AWS CloudFormation, Amazon EC2, Amazon RDS, Amazon Web Services, Dimensionamento automático, Infraestrutura como código (IaC), Infraestrutura de nuvem, Inglês, Kubernetes, Terraform
Conteinerização, Depuração, Desenvolvimento de back-end, Doutrina, Java, Microsserviços, PHP, Redis, Resolução de problemas, Revisão de código
Conteinerização, Depuração, Desenvolvimento de back-end, Doutrina, Java, Microsserviços, PHP, Redis, Resolução de problemas, Revisão de código
Automação de testes, Ciência da computação, Comunicação, Desenvolvimento de software, DevOps, Docker, Engenharia de dados, Kubernetes, Python, Terraform
Conteinerização, Depuração, Desenvolvimento de back-end, Doutrina, Java, Microsserviços, PHP, Redis, Resolução de problemas, Revisão de código
Conteinerização, Depuração, Desenvolvimento de back-end, Doutrina, Java, Microsserviços, PHP, Redis, Resolução de problemas, Revisão de código
Conteinerização, Depuração, Desenvolvimento de back-end, Doutrina, Java, Microsserviços, PHP, Redis, Resolução de problemas, Revisão de código
Conteinerização, Depuração, Desenvolvimento de back-end, Doutrina, Java, Microsserviços, PHP, Redis, Resolução de problemas, Revisão de código
Conteinerização, Depuração, Desenvolvimento de back-end, Doutrina, Java, Microsserviços, PHP, Redis, Resolução de problemas, Revisão de código
Apresentações, Comunicação, Desenvolvimento de sistemas, Desenvolvimento de software, Documentação técnica, GitOps, Go (Linguagem de programação), Python, Resolução de problemas, Sistemas distribuídos
Apresentações, Comunicação, Desenvolvimento de sistemas, Desenvolvimento de software, Documentação técnica, GitOps, Go (Linguagem de programação), Python, Resolução de problemas, Sistemas distribuídos
Airflow, Captura de dados de alterações, Conceitos de programação, Data Marts, Estratégias de otimização, Modelagem de dados, Otimização de consulta, Python, Snowflake, Snowflake Cloud
IPv4, Iptables, Kernel Linux, Máquina virtual baseada,m kernel, OpenShift, Protocolo UDP, Protocolo de controle de transmissão (TCP), Puppet (Software), Rede definida por software, Solução de problemas técnicos
Apache Camel, Container Orchestration, Cucumber, JDBC, JPA (Java Persistence API), Postman API, Redis, Spring Boot, Spring Data, Spring Framework
Apache Camel, Container Orchestration, Cucumber, JDBC, JPA (Java Persistence API), Postman API, Redis, Spring Boot, Spring Data, Spring Framework
Conteinerização, Depuração, Desenvolvimento de back-end, Doutrina, Java, Microsserviços, PHP, Redis, Resolução de problemas, Revisão de código
CICS, COBOL, COBOL II, Filas, Fileaid, IMSDB, Mainframe, Processamento,m lote, Serena Changeman, VSAM
Administração de sistemas Linux, Desenvolvimento de software, DevOps, Doutrina, Inglês, MongoDB, NoSQL, PHP, Python, Redis
CICS, COBOL, COBOL II, Filas, Fileaid, IMSDB, Mainframe, Processamento,m lote, Serena Changeman, VSAM
Arquitetura MVC, Comunicação, Confiabilidade, JSON, JavaScript, Node.js, Padrões de codificação, Sprints, TypeScript, Webpack
CICS, COBOL, COBOL II, Filas, Fileaid, IMSDB, Mainframe, Processamento,m lote, Serena Changeman, VSAM
CICS, COBOL, COBOL II, Filas, Fileaid, IMSDB, Mainframe, Processamento,m lote, Serena Changeman, VSAM
Conteinerização, Depuração, Desenvolvimento de back-end, Doutrina, Java, Microsserviços, PHP, Redis, Resolução de problemas, Revisão de código
Ativos fixos, Comunicação, Gestão de projetos, Gestão ágil de projetos, ITIL, Inglês, Legacy System Migration Workbench (LSMW), Produtos SAP, SAP FI, SAP FICO
Agile Development, Arquitetura de sistema, C#, Coletor de lixo (informática), Desenvolvimento de back-end, Indicadores-chave de desempenho, Java, Lado do cliente, Scala, Sistemas distribuídos
Apache Spark, Big data, Ciência de dados, Engenharia de dados, Processamento de linguagem natural (PLN), PySpark, Reconhecimento de padrões, Scala, Sistema de recomendação, Visão computacional
Android Jetpack, C (linguagem de programação), Clean Coding, Habilidades analíticas, MVVM (Model-view-viewmodel), Marketing, Modelviewpresenter (MVP), Negociação, Objective-C, Swift (Linguagem de programação)
API REST, Desenvolvimento de API, Desenvolvimento de aplicativos, Desenvolvimento de front-end, Java, Microsserviços, NoSQL, SQL, Spring Boot, Spring Framework
API REST, Angular (Framework), Bitbucket, CSS, CSS Flexbox, Doutrina, Laravel, Microsserviços, PHP, Teste de unidade
Arquitetura MVC, Desenvolvimento de iOS, Design de interface do usuário, MVVM (Model-view-viewmodel), Microsserviços, Padrões de design, RxSwift, Swift (Linguagem de programação), Xcode, iOS
Administração de sistemas Linux, Desenvolvimento de software, DevOps, Doutrina, Inglês, MongoDB, NoSQL, PHP, Python, Redis
Android, Aplicativos móveis, Ciência da computação, Comunicação, Desenvolvimento Android, Desenvolvimento de aplicativos móveis, Desenvolvimento de iOS, Interface de programação de aplicativos (API), Kotlin, Teste de aceitação
C (linguagem de programação), Ciência da computação, Computação de alto desempenho, Comunicação, Desenvolvimento de iOS, Objective-C, Resolução de problemas, Swift (Linguagem de programação), UIKit, iOS
Banco de dados, CSS, Ciência da computação, Comunicação, Engenharia,létrica, Inglês, Microsoft Dynamics, Microsoft Dynamics 365, PostgreSQL, SQL
Banco de dados, CSS, Ciência da computação, Comunicação, Engenharia,létrica, Inglês, Microsoft Dynamics, Microsoft Dynamics 365, PostgreSQL, SQL
Administração de sistemas Linux, Desenvolvimento de software, DevOps, Doutrina, Inglês, MongoDB, NoSQL, PHP, Python, Redis
AWS CloudFormation, Amazon EC2, Amazon RDS, Amazon Web Services, Dimensionamento automático, Infraestrutura como código (IaC), Infraestrutura de nuvem, Inglês, Kubernetes, Terraform
Administração de sistemas Linux, Desenvolvimento de software, DevOps, Doutrina, Inglês, MongoDB, NoSQL, PHP, Python, Redis
Ciência da computação, Desenvolvimento de aplicativos móveis, Desenvolvimento de iOS, Design de,xperiência do usuário (UX), Design de interface do usuário, Experiência do usuário (UX), Princípios de design, Resolução de problemas, Swift (Linguagem de programação), iOS
Administração de sistemas Linux, Desenvolvimento de software, DevOps, Doutrina, Inglês, MongoDB, NoSQL, PHP, Python, Redis
Conteinerização, Depuração, Desenvolvimento de back-end, Doutrina, Java, Microsserviços, PHP, Redis, Resolução de problemas, Revisão de código
Agile Development, C#, Cassandra, Comunicação, Desenvolvimento de back-end, Desenvolvimento de software, Java, Padrões de codificação, Requisitos de negócio, Teste de aplicações
Conteinerização, Depuração, Desenvolvimento de back-end, Doutrina, Java, Microsserviços, PHP, Redis, Resolução de problemas, Revisão de código
Administração de sistemas Linux, Desenvolvimento de software, DevOps, Doutrina, Inglês, MongoDB, NoSQL, PHP, Python, Redis
Banco de dados Oracle, Desenvolvimento de front-end, Desenvolvimento de software, Inglês, Java, Metodologias Agile, RDBMS, SGBD, SQL, Scala
Ciência da computação, Desenvolvimento de aplicativos móveis, Desenvolvimento de iOS, Design de,xperiência do usuário (UX), Design de interface do usuário, Experiência do usuário (UX), Princípios de design, Resolução de problemas, Swift (Linguagem de programação), iOS
Ciência da computação, Desenvolvimento de aplicativos móveis, Desenvolvimento de iOS, Design de,xperiência do usuário (UX), Design de interface do usuário, Experiência do usuário (UX), Princípios de design, Resolução de problemas, Swift (Linguagem de programação), iOS
Conteinerização, Depuração, Desenvolvimento de back-end, Doutrina, Java, Microsserviços, PHP, Redis, Resolução de problemas, Revisão de código
Arquitetura de dados, Banco de dados, Data lakes, Data warehouse, Design de banco de dados, Engenharia de dados, Google Cloud Platform (GCP), Inglês, Modelagem de dados, Princípios de design
Conteinerização, Depuração, Desenvolvimento de back-end, Doutrina, Java, Microsserviços, PHP, Redis, Resolução de problemas, Revisão de código
Android, Aplicativos móveis, Ciência da computação, Comunicação, Desenvolvimento Android, Desenvolvimento de aplicativos móveis, Desenvolvimento de iOS, Interface de programação de aplicativos (API), Kotlin, Teste de aceitação
Administração de sistemas Linux, Desenvolvimento de software, DevOps, Doutrina, Inglês, MongoDB, NoSQL, PHP, Python, Redis
Administração de sistemas Linux, Desenvolvimento de software, DevOps, Doutrina, Inglês, MongoDB, NoSQL, PHP, Python, Redis
Android, Ciência da computação, Computação de alto desempenho, Desenvolvimento Android, Desenvolvimento de aplicativos móveis, Design de,xperiência do usuário (UX), Design de interface do usuário, Kotlin, Princípios de design, Resolução de problemas
API REST, Desenvolvimento de back-end, Desenvolvimento de front-end, Desenvolvimento de software, Histórias de usuários, Java, Padrões de codificação, Spring Boot, Sprints, Timelines
Banco de dados, Desenvolvimento de API, Desenvolvimento de aplicativos, JUnit, Java, Microsserviços, NoSQL, Node.js, REST (Transferência de,stado representacional ), SQL
Android, Ciência da computação, Computação de alto desempenho, Desenvolvimento Android, Desenvolvimento de aplicativos móveis, Design de,xperiência do usuário (UX), Design de interface do usuário, Kotlin, Princípios de design, Resolução de problemas
Android, Ciência da computação, Computação de alto desempenho, Desenvolvimento Android, Desenvolvimento de aplicativos móveis, Design de,xperiência do usuário (UX), Design de interface do usuário, Kotlin, Princípios de design, Resolução de problemas
Ciclo de vida de sistemas de informação, Infraestrutura de nuvem, JUnit, Java, Nuvem híbrida, Realização de testes, Resolução de problemas, Responsividade, Serviços Web RESTful, Solução de problemas técnicos
Arquitetura de dados, Banco de dados, Engenharia de dados, Habilidades analíticas, Liderança de,quipe, Limpeza de dados, Manipulação de dados, Processamento de dados, Python, Windows Azure
ABAP, BADIs, Ciência da computação, Competências pessoais, sociais, OData, Produtos SAP, Requisitos de negócio, Requisitos técnicos, SAP Fiori, Saída de usuário
Capacidade de manutenção, Ciência da computação, Comunicação, Confiabilidade, Desenvolvimento de back-end, Desenvolvimento de front-end, Desenvolvimento de software, Garantia de qualidade, Google Cloud Platform (GCP), Superação de obstáculos
Ciclo de vida de sistemas de informação, Infraestrutura de nuvem, JUnit, Java, Nuvem híbrida, Realização de testes, Resolução de problemas, Responsividade, Serviços Web RESTful, Solução de problemas técnicos
Ciência da computação, Comunicação
Ciência da computação, Computação,m nuvem, D3.js, Desenvolvimento de front-end, Google Cloud Platform (GCP), Hotjar, Next.js, Redis, Stack, TypeScript
Comunicação, Desenvolvimento de front-end, Front-end Engineering, Gestão de,ngenharia, Liderança de,quipe, Liderança de,quipe multifuncional, Liderança técnica, React.js, Redux.js, TypeScript
Animação, CSS, Desenvolvimento de aplicativos móveis, Desenvolvimento de back-end, Design de interface do usuário, Experiência do usuário (UX), Inglês, JavaScript, React Native, React.js
Ciência da computação, Desenvolvimento de aplicativos móveis, Desenvolvimento de iOS, Design de,xperiência do usuário (UX), Design de interface do usuário, Experiência do usuário (UX), Princípios de design, Resolução de problemas, Swift (Linguagem de programação), iOS
Analítica, Análise de negócios, Banco de dados, Big data, ETL (Extração, transformação, carregamento), Engenharia de dados, Insights de negócios, Modelagem de dados, SQL, Tecnologias,mergentes
Ciência da computação, Desenvolvimento de software, JSON, Java, Multithreading, Programação (computação), Programação de rede, Protocolos de comunicação, SOAP, Sockets
Angular (Framework), CSS, Ciência da computação, Comunicação, Desenvolvimento de front-end, Documentos de design, GraphQL, HTTP (Hypertext Transfer Protocol), Mockups, TypeScript
Ciência da computação, Computação,m nuvem, D3.js, Desenvolvimento de front-end, Google Cloud Platform (GCP), Hotjar, Next.js, Redis, Stack, TypeScript
Ciência da computação, Desenvolvimento de aplicativos móveis, Desenvolvimento de iOS, Design de,xperiência do usuário (UX), Design de interface do usuário, Experiência do usuário (UX), Princípios de design, Resolução de problemas, Swift (Linguagem de programação), iOS
Administração de sistemas, Autenticação, Codificação segura, Controles de segurança, Criptografia, Desenvolvimento de software, Gestão de informações,,ventos de segurança, Modelagem de ameaças, OWASP, Segurança de aplicações
Agile Development, C (linguagem de programação), C#, Comunicação, Desenvolvimento de software, Java, Padrões de codificação, Requisitos de negócio, Scala, Teste de aplicações
Angular (Framework), AngularJS, Apache Maven, Banco de dados Oracle, Desenvolvimento full stack, Inglês, Java, Spring Framework
Android, Android Jetpack, Android Studio, CI, Desenvolvimento Android, Design de Android, GraphQL, Integração,,ntrega contínuas (CI/CD), Kotlin, Testes,nd-to-end
Apache Beam, Apache Flink, Ciência da computação, Computação,m nuvem, Comunicação, Infraestrutura como código (IaC), Infraestrutura de nuvem, Inglês, KMS, Terraform
.NET Framework, API de ASP.NET para Web, Atenção a detalhes, Banco de dados, Desenvolvimento de software, Entity Framework, Inglês, LINQ, React.js, Transact-SQL
Acesso, Angular (Framework), Ciência da computação, Computação, Definição de metas, Interface de programação de aplicativos (API), Kanban, Microsserviços, Métricas de desempenho, Trabalho,m,quipe
Desenvolvimento de back-end, Desenvolvimento web, Doutrina, Drupal, Functionality, MySQL, SQL, System Performance, Theming, Twig
Babel.js, CSS, Desenvolvimento de software, GatsbyJS, HTML, JavaScript, Modelo de objeto de documentos, React.js, Styled-components, Webpack
Babel.js, CSS, Desenvolvimento de software, GatsbyJS, HTML, JavaScript, Modelo de objeto de documentos, React.js, Styled-components, Webpack
Aprendizagem profunda, Ciência da computação, Ciência de dados, Code Generation, Desenvolvimento de software, Documentação, IA generativa, Inteligência artificial, Processamento de linguagem natural (PLN), Rede neural convolucional (CNN)
Desenvolvimento de back-end, Desenvolvimento web, Doutrina, Drupal, Functionality, MySQL, SQL, System Performance, Theming, Twig
Amazon Web Services, Avaliação de vulnerabilidades, Computação,m nuvem, Gerente certificado de segurança da informação, Gestão de vulnerabilidade, Hacking ético, Segurança da informação, Segurança de aplicações, Segurança de nuvem, Vulnerability
.NET Framework, Container Orchestration, Desenvolvimento de front-end, Desenvolvimento de software, Git, HTTP (Hypertext Transfer Protocol), Programação (computação), Programação orientada a objetos (POO), SQL, Sistemas operacionais
Big data, Ciência de dados, Engenharia de dados, Estatística, OTA, Processamento de linguagem natural (PLN), PySpark, Reconhecimento de padrões, Sistema de recomendação, Visão computacional
Administração de sistemas Linux, Arquitetura, Automação de infraestrutura, Container Orchestration, Design de templates, DevOps, Inglês, Templates, Visão de longo prazo, Windows Azure
Conteinerização, Depuração, Desenvolvimento de back-end, Doutrina, Java, Microsserviços, PHP, Redis, Resolução de problemas, Revisão de código
